Şehir,Ülke,YAŞAM PUANI,Aylık Gider (TL),Fırsat Farkı,SOSYAL CANLILIK,Kültür,Güvenlik,Alım Gücü,Sağlık,İnternet (Mbps),Trafik (dk),İklim,Dil Puanı,Emlak/Gelir,Kirlilik
Hyderabad,India,100.0,37289.0,6.5,10.0,8.5,57.4,157.9,65.5,60.0,42.3,73.5,3.0,4.7,75.9
Pune,India,82.4,39180.0,20.2,8.2,8.5,58.7,131.9,65.5,60.0,43.9,74.3,3.0,7.6,71.1
Bangalore,India,78.3,37633.0,16.6,7.8,8.5,46.0,120.2,65.3,60.0,53.6,89.4,3.0,7.8,82.4
Noida,India,74.9,37633.0,3.3,7.6,8.5,44.9,115.4,67.5,60.0,44.4,58.9,3.0,6.6,91.2
Gurgaon,India,58.9,42444.0,2.4,6.0,8.5,45.9,96.7,65.1,60.0,37.0,59.9,3.0,12.8,90.8
Qingdao,China,56.1,51724.0,4.7,5.5,8.5,89.2,101.0,76.7,60.0,27.9,70.4,3.0,13.6,50.5
Ahmedabad,India,52.0,36430.0,3.3,5.2,8.5,68.5,68.6,67.5,60.0,39.9,49.3,3.0,7.9,71.9
Ad Dammam,Saudi Arabia,51.3,70970.0,4.0,5.0,6.0,71.8,135.5,60.2,60.0,28.4,27.3,3.0,2.4,56.1
Shenzhen,China,51.2,63581.0,5.1,5.1,8.5,75.1,112.9,64.2,60.0,33.7,81.8,3.0,28.5,55.1
Jeddah (Jiddah),Saudi Arabia,50.7,75438.0,9.7,4.9,6.0,75.0,137.8,60.8,60.0,29.9,66.2,3.0,3.3,65.5
Guangzhou,China,50.5,62206.0,0.7,5.0,8.5,71.4,109.0,67.2,60.0,36.2,80.3,3.0,22.1,68.1
Delhi,India,50.0,39523.0,1.1,5.1,8.5,40.9,73.9,65.8,60.0,57.5,58.9,3.0,14.3,90.3
Port Elizabeth,South Africa,48.3,65643.0,5.7,4.5,6.0,21.4,117.0,62.5,60.0,33.9,98.8,3.0,2.0,46.2
Manama,Bahrain,47.0,77844.0,2.1,4.5,6.0,82.0,125.4,67.7,60.0,30.8,64.3,3.0,5.4,62.3
Durban,South Africa,46.6,60660.0,1.9,4.4,6.0,19.6,104.1,58.7,60.0,25.5,95.6,3.0,3.2,53.2
Sharjah,United Arab Emirates,46.3,87123.0,1.4,4.4,6.0,84.5,136.4,60.3,240.0,57.2,43.3,3.0,10.4,48.2
San Antonio,United States,46.0,108431.0,1.7,4.4,7.5,51.2,164.2,66.8,210.0,36.7,80.6,5.0,3.9,45.1
Kuwait City,Kuwait,45.7,76812.0,0.2,4.5,6.0,71.2,128.0,58.3,60.0,33.7,20.2,3.0,8.3,71.1
Kuala Lumpur,Malaysia,45.7,64268.0,0.9,4.4,6.0,40.9,106.5,69.5,60.0,41.6,56.6,4.0,9.1,64.8
Valencia,Spain,45.4,86436.0,4.0,4.3,9.5,65.3,118.0,81.7,170.0,19.7,93.8,3.0,8.4,21.3
Shanghai,China,45.3,66674.0,1.8,4.5,8.5,73.5,99.8,66.8,60.0,45.5,83.6,3.0,34.2,68.3
Houston,United States,45.3,109806.0,2.1,4.3,7.5,36.8,166.5,69.5,210.0,42.0,85.5,5.0,2.5,56.9
Muscat,Oman,45.1,76125.0,4.1,4.2,6.0,81.3,114.1,63.3,60.0,22.6,67.2,3.0,5.9,35.9
Doha,Qatar,44.9,85404.0,1.5,4.3,6.0,84.5,129.8,73.6,60.0,29.1,36.0,3.0,6.1,59.9
Austin,United States,44.9,114102.0,1.9,4.3,7.5,55.7,166.0,64.9,210.0,40.5,82.1,5.0,5.1,43.4
Ottawa,Canada,44.8,106025.0,7.5,4.2,6.0,69.0,162.4,68.7,60.0,32.7,44.5,3.0,5.1,24.1
Cincinnati,United States,44.6,107400.0,5.5,4.2,7.5,50.5,155.6,68.6,210.0,33.0,73.2,5.0,3.4,43.0
Cape Town,South Africa,44.6,68049.0,3.3,4.1,6.0,26.3,107.1,68.9,60.0,42.3,98.2,3.0,5.2,38.3
Beijing,China,44.6,65299.0,-1.2,4.5,8.5,74.9,97.5,70.2,60.0,43.2,57.6,3.0,32.9,77.2
Johannesburg,South Africa,44.0,69423.0,2.8,4.2,6.0,19.2,111.7,60.5,60.0,40.7,91.4,3.0,2.7,61.9
Riyadh,Saudi Arabia,43.5,83171.0,1.1,4.2,6.0,75.4,123.7,66.2,60.0,34.1,44.4,3.0,5.1,63.3
Tokyo,Japan,43.4,93137.0,3.5,4.2,10.0,74.9,121.7,78.7,150.0,42.7,85.3,2.0,15.2,43.0
Fort Worth,United States,43.3,114961.0,1.0,4.1,7.5,56.8,157.7,64.6,210.0,27.3,81.6,5.0,3.2,53.4
The Hague (Den Haag),Netherlands,43.2,124240.0,0.0,4.0,8.0,79.9,153.3,84.0,130.0,20.1,90.6,5.0,6.0,17.6
Boise,United States,43.2,114617.0,0.3,4.1,7.5,61.6,157.5,64.5,210.0,37.5,65.1,5.0,5.8,36.5
Plzen,Czech Republic,43.1,87295.0,17.1,3.9,6.0,75.5,117.3,81.6,60.0,21.6,81.4,3.0,9.7,23.9
Abu Dhabi,United Arab Emirates,43.0,92965.0,0.0,3.9,6.0,88.9,124.6,72.5,240.0,30.0,43.9,3.0,6.8,45.2
Albuquerque,United States,43.0,108603.0,1.5,4.1,7.5,29.1,156.1,62.7,210.0,25.9,67.1,5.0,3.1,35.4
Newcastle upon Tyne,United Kingdom,42.8,116336.0,0.8,4.1,8.5,60.6,152.8,77.2,100.0,33.1,85.7,5.0,7.8,34.5
Mumbai,India,42.8,45194.0,1.7,4.3,8.5,56.0,65.9,65.5,60.0,55.1,71.5,3.0,32.3,83.2
Jacksonville,United States,42.8,111352.0,2.1,4.0,7.5,45.2,150.4,69.0,210.0,35.5,87.8,5.0,3.1,35.8
Raleigh,United States,42.6,116508.0,1.2,4.0,7.5,52.0,156.4,66.0,210.0,39.8,83.9,5.0,3.5,38.0
Tucson,United States,42.2,109978.0,1.6,4.0,7.5,45.3,148.5,61.3,210.0,29.4,72.7,5.0,3.9,29.0
Kansas City,United States,42.1,114445.0,0.0,4.0,7.5,41.4,153.2,68.6,210.0,32.6,75.1,5.0,2.7,33.3
Salt Lake City,United States,42.1,114617.0,0.3,4.0,7.5,64.1,151.6,66.7,210.0,33.9,66.5,5.0,4.2,62.6
Timisoara,Romania,42.1,70970.0,3.4,3.8,6.0,74.6,92.9,71.4,180.0,24.7,82.0,3.0,9.0,55.3
Brisbane,Australia,42.1,111352.0,2.4,3.8,6.0,61.8,151.0,71.2,60.0,42.7,98.1,3.0,7.4,32.9
Nuremberg,Germany,41.9,118570.0,11.7,4.0,8.0,70.0,151.3,72.7,90.0,25.9,77.5,4.0,7.7,22.1
Dubai,United Arab Emirates,41.8,106369.0,-1.0,3.8,6.0,83.9,138.0,69.9,240.0,36.3,50.3,3.0,7.0,49.5
Richmond,United States,41.8,118570.0,-0.1,3.9,7.5,49.4,155.3,65.9,210.0,40.1,81.3,5.0,3.2,36.4
Bursa,Turkey,41.6,69080.0,11.7,4.0,9.0,71.3,87.5,77.7,40.0,33.8,93.4,2.0,6.4,46.4
Poznan,Poland,41.6,80077.0,1.4,3.9,6.0,72.3,108.4,57.0,110.0,31.6,77.4,4.0,8.8,60.3
Eindhoven,Netherlands,41.5,123209.0,1.1,3.8,8.0,79.1,144.6,80.2,130.0,22.6,85.4,5.0,7.0,19.6
Frankfurt,Germany,41.5,127162.0,-0.8,3.9,8.0,55.5,161.9,78.2,90.0,23.5,84.7,4.0,7.2,32.0
Gothenburg,Sweden,41.4,118054.0,1.8,3.8,6.0,54.2,159.0,69.9,60.0,23.8,77.5,3.0,6.8,19.5
Omaha,United States,41.4,112899.0,0.6,3.9,7.5,53.5,145.9,69.3,210.0,24.5,59.8,5.0,2.4,35.9
Saint Louis,United States,41.4,121491.0,-0.2,3.9,7.5,30.0,161.5,69.9,210.0,28.4,74.8,5.0,2.0,37.5
Pretoria,South Africa,41.4,71485.0,0.4,3.9,6.0,18.2,104.6,66.5,60.0,43.9,95.8,3.0,2.6,56.0
Madison,United States,41.3,118570.0,0.5,3.9,7.5,63.5,151.6,67.9,210.0,34.9,51.6,5.0,3.8,32.7
Pittsburgh,United States,41.2,120632.0,0.0,3.9,7.5,61.4,151.5,72.2,210.0,36.0,72.1,5.0,2.8,48.5
Tulsa,United States,41.0,111696.0,3.7,3.8,7.5,48.0,141.1,68.7,210.0,33.5,79.3,5.0,2.6,31.7
Stuttgart,Germany,40.9,122866.0,-0.5,3.9,8.0,70.0,148.6,80.2,90.0,25.9,81.1,4.0,7.6,34.5
Minneapolis,United States,40.8,122866.0,-0.2,3.9,7.5,44.4,159.0,71.7,210.0,36.5,49.5,5.0,3.0,28.5
Oklahoma City,United States,40.8,115992.0,0.6,3.8,7.5,50.0,146.2,64.9,210.0,35.1,77.6,5.0,2.8,31.3
Atlanta,United States,40.7,129396.0,0.2,3.8,7.5,35.8,166.7,65.9,210.0,41.3,89.7,5.0,3.1,45.0
Utrecht,Netherlands,40.7,132832.0,-0.2,3.7,8.0,79.0,149.3,85.6,130.0,21.7,87.2,5.0,7.1,22.7
Indianapolis,United States,40.6,118570.0,0.5,3.8,7.5,39.4,151.2,71.9,210.0,29.4,69.9,5.0,2.6,43.2
Orlando,United States,40.6,118570.0,0.2,3.8,7.5,52.0,147.2,63.2,210.0,35.5,87.2,5.0,3.3,34.8
Dallas,United States,40.4,125271.0,-3.9,3.8,7.5,48.3,155.6,66.2,210.0,35.3,81.9,5.0,5.5,40.9
Quebec City,Canada,40.3,104135.0,8.0,3.8,6.0,77.6,134.4,69.6,60.0,33.4,48.0,3.0,8.8,36.2
Tampa,United States,40.2,120288.0,-0.4,3.8,7.5,55.5,145.4,66.8,210.0,36.5,84.7,5.0,3.9,33.7
Charlotte,United States,40.1,119944.0,-0.1,3.7,7.5,50.8,145.3,67.9,210.0,35.8,84.0,5.0,3.8,34.8
Groningen,Netherlands,40.1,118054.0,1.4,3.7,8.0,78.4,130.5,80.8,130.0,19.1,83.5,5.0,7.3,17.6
Milwaukee,United States,40.0,112899.0,1.2,3.8,7.5,34.0,145.0,63.4,210.0,30.3,61.0,5.0,2.7,32.0
Hamburg,Germany,39.9,123553.0,0.2,3.8,8.0,60.3,146.9,76.4,90.0,30.5,82.8,4.0,9.2,26.7
Columbus,United States,39.8,119257.0,0.6,3.7,7.5,50.7,143.9,68.6,210.0,31.2,71.3,5.0,3.3,30.9
Dusseldorf,Germany,39.7,126990.0,-0.7,3.8,8.0,67.3,148.1,73.4,90.0,26.2,86.4,4.0,9.2,27.8
Munich,Germany,39.6,130770.0,-0.6,3.7,8.0,78.9,147.4,79.5,90.0,28.4,76.0,4.0,12.0,23.7
Perth,Australia,39.6,116851.0,7.3,3.6,6.0,57.8,144.6,71.9,60.0,40.9,95.7,3.0,6.4,28.3
Liverpool,United Kingdom,39.6,113586.0,1.4,3.7,8.5,51.5,131.0,80.7,100.0,27.8,90.9,5.0,5.1,28.0
Krakow (Cracow),Poland,39.4,85061.0,-0.8,3.7,6.0,74.9,106.1,58.2,110.0,31.2,73.9,4.0,12.3,69.8
Denver,United States,39.4,129052.0,-2.2,3.8,7.5,52.0,157.3,68.1,210.0,35.5,56.3,5.0,4.5,44.0
Portland,United States,39.4,129224.0,-8.4,3.7,7.5,41.7,155.1,65.4,210.0,37.4,89.6,5.0,3.7,35.7
Melbourne,Australia,39.3,121663.0,-0.1,3.6,6.0,55.8,149.4,72.4,60.0,42.0,94.3,3.0,7.5,28.0
Nashville,United States,39.1,120804.0,1.0,3.7,7.5,51.5,142.3,63.8,210.0,38.5,83.0,5.0,5.1,38.2
Chicago,United States,39.0,130598.0,-1.2,3.7,7.5,34.5,162.9,64.9,210.0,41.7,66.1,5.0,2.9,50.5
Montreal,Canada,39.0,102932.0,8.2,3.7,6.0,67.2,131.0,61.9,60.0,39.9,52.4,3.0,7.8,33.7
Spokane,United States,38.9,122350.0,-1.7,3.7,7.5,44.0,145.6,66.0,210.0,29.1,67.1,5.0,3.2,28.2
Lodz,Poland,38.8,81280.0,0.1,3.6,6.0,62.3,100.5,58.6,110.0,35.6,77.0,4.0,8.5,57.4
Minsk,Belarus,38.8,54989.0,1.8,3.7,6.0,50.1,72.5,50.2,60.0,31.4,64.4,3.0,10.4,42.5
Las Vegas,United States,38.7,116336.0,2.0,3.8,7.5,44.5,143.9,53.3,210.0,27.1,57.4,5.0,4.7,51.5
Seoul,South Korea,38.6,117195.0,-0.1,3.5,6.0,75.3,133.7,82.9,160.0,41.2,68.4,3.0,27.1,50.9
Madrid,Spain,38.5,103104.0,-0.2,3.7,9.5,71.3,108.1,79.9,170.0,27.9,85.5,3.0,12.7,37.7
London,Canada,38.5,102760.0,5.6,3.7,7.0,46.2,128.9,67.3,60.0,30.0,59.3,3.0,6.1,35.6
Reno,United States,38.5,126646.0,-5.1,3.7,7.5,53.9,147.2,62.6,210.0,29.1,62.3,5.0,4.0,30.4
Rotterdam,Netherlands,38.4,128193.0,0.5,3.5,8.0,74.0,130.9,84.3,130.0,21.0,87.9,5.0,6.5,22.2
Glasgow,United Kingdom,38.4,116508.0,0.1,3.7,8.5,54.8,129.0,78.9,100.0,29.2,84.8,5.0,5.3,33.7
Sofia,Bulgaria,38.2,79390.0,1.2,3.6,6.0,61.2,98.8,58.6,60.0,30.5,76.0,3.0,10.2,67.9
Auckland,New Zealand,38.2,107400.0,0.5,3.5,6.0,49.5,127.9,69.0,60.0,37.5,99.9,3.0,10.4,31.1
Cluj-Napoca,Romania,38.1,76641.0,2.7,3.4,6.0,77.6,86.0,66.6,180.0,29.6,74.3,3.0,13.7,43.1
Colorado Springs,United States,38.1,125443.0,-1.8,3.6,7.5,58.5,143.0,63.3,210.0,26.0,51.4,5.0,2.9,30.2
Adelaide,Australia,38.0,117195.0,1.8,3.4,6.0,66.8,132.6,72.6,60.0,37.9,95.0,3.0,9.6,25.0
Plovdiv,Bulgaria,38.0,68908.0,7.9,3.5,6.0,74.5,81.1,59.5,60.0,26.6,82.6,3.0,8.8,58.0
Baltimore,United States,38.0,123381.0,0.1,3.6,7.5,28.0,144.2,72.2,210.0,31.7,81.2,5.0,2.8,52.0
Astana (Nur-Sultan),Kazakhstan,37.9,51036.0,0.8,3.7,6.0,66.8,64.3,67.3,60.0,35.4,21.3,3.0,7.1,55.1
Christchurch,New Zealand,37.8,102073.0,1.6,3.4,6.0,55.1,117.7,70.2,60.0,23.4,88.8,3.0,7.2,25.5
Wellington,New Zealand,37.8,108259.0,2.0,3.4,6.0,66.7,123.5,64.7,60.0,39.4,97.7,3.0,9.1,25.1
Cleveland,United States,37.8,112040.0,1.5,3.5,7.5,36.4,127.7,72.8,210.0,32.3,73.1,5.0,2.3,39.1
Phoenix,United States,37.8,123037.0,-4.8,3.6,7.5,47.0,144.1,65.9,210.0,32.8,53.8,5.0,4.7,58.0
Hobart,Australia,37.7,121663.0,-0.6,3.4,6.0,66.0,139.6,64.2,60.0,37.7,90.6,3.0,6.7,25.3
Vienna,Austria,37.7,126990.0,0.1,3.3,6.0,71.6,137.4,81.8,60.0,21.5,81.8,3.0,12.6,15.6
Luxembourg,Luxembourg,37.7,138847.0,0.6,3.4,6.0,72.1,153.3,75.0,60.0,25.9,82.6,3.0,10.2,20.4
Gdansk,Poland,37.5,85404.0,0.0,3.5,6.0,68.7,100.1,50.5,110.0,30.6,75.5,4.0,12.6,51.6
Brampton,Canada,37.4,100870.0,2.8,3.5,6.0,44.5,123.8,68.5,60.0,41.7,59.2,3.0,9.7,36.9
Seattle,United States,37.4,155687.0,-3.1,3.5,7.5,44.8,170.5,67.0,210.0,42.9,91.7,5.0,4.8,39.2
Canberra,Australia,37.4,122350.0,-0.4,3.4,6.0,71.8,136.2,69.7,60.0,37.7,82.7,3.0,9.4,25.3
Nanaimo,Canada,37.3,107572.0,1.7,3.4,6.0,46.5,126.1,62.0,60.0,26.0,92.3,3.0,6.1,27.6
Cologne,Germany,37.3,122694.0,0.5,3.6,8.0,55.3,134.8,72.0,90.0,36.7,84.8,4.0,9.0,39.5
Berlin,Germany,37.1,120288.0,-0.7,3.7,9.0,55.5,130.5,66.5,90.0,33.3,83.3,4.0,10.6,38.4
Wroclaw,Poland,37.1,84889.0,0.6,3.5,6.0,74.4,95.7,57.5,110.0,34.8,78.4,4.0,11.7,61.6
Malaga,Spain,37.1,88326.0,2.1,3.5,9.5,69.0,87.3,70.8,170.0,25.2,97.0,3.0,11.1,33.9
Zagreb,Croatia,37.1,92278.0,1.1,3.4,6.0,78.6,101.1,64.9,60.0,29.7,82.2,3.0,11.7,35.4
Toulouse,France,37.0,118741.0,-0.8,3.5,9.5,50.2,121.9,79.4,160.0,32.3,91.9,3.0,8.3,39.0
Amsterdam,Netherlands,36.9,141940.0,-2.1,3.4,8.0,74.3,135.6,81.5,130.0,22.1,87.5,5.0,9.3,22.6
Vilnius,Lithuania,36.9,91075.0,4.6,3.3,6.0,69.9,99.0,76.5,60.0,25.8,66.6,3.0,13.0,23.5
Hamilton,Canada,36.8,101214.0,2.1,3.4,6.0,43.8,121.2,74.5,60.0,35.8,61.1,3.0,4.9,60.2
Warsaw,Poland,36.8,91934.0,-5.1,3.4,6.0,74.5,102.5,58.4,110.0,34.8,74.6,4.0,12.7,59.7
Edmonton,Canada,36.8,106713.0,0.6,3.4,6.0,53.2,125.4,77.0,60.0,27.9,32.1,3.0,3.9,28.7
Edinburgh,United Kingdom,36.7,125443.0,-4.6,3.5,8.5,69.6,122.8,77.7,100.0,26.3,84.0,5.0,8.2,25.9
Buffalo,United States,36.7,122866.0,-1.3,3.4,7.5,51.4,129.4,70.3,210.0,26.8,66.4,5.0,3.3,29.1
Villach,Austria,36.6,113243.0,-0.1,3.3,6.0,71.7,122.2,69.0,60.0,16.5,75.9,3.0,7.6,35.1
Boston,United States,36.5,148126.0,-2.6,3.4,7.5,60.3,151.1,72.0,210.0,44.3,71.7,5.0,7.4,30.0
Belfast,United Kingdom,36.5,113243.0,-0.0,3.5,8.5,52.0,116.7,70.7,100.0,37.6,90.8,5.0,5.5,26.5
Iasi,Romania,36.5,69595.0,0.8,3.4,6.0,66.1,77.4,56.3,180.0,33.6,73.0,3.0,10.8,59.7
Brno,Czech Republic,36.5,91419.0,1.7,3.3,6.0,75.4,96.2,76.1,60.0,26.3,78.2,3.0,14.9,40.3
Leeds,United Kingdom,36.5,117539.0,-0.1,3.5,8.5,54.9,120.2,79.1,100.0,29.8,84.6,5.0,6.0,45.1
Birmingham,United Kingdom,36.5,117882.0,1.5,3.5,8.5,36.2,128.4,71.2,100.0,33.3,87.7,5.0,7.2,48.6
Gent,Belgium,36.5,125787.0,-1.0,3.2,6.0,76.2,127.1,83.0,60.0,25.2,88.7,3.0,6.5,24.9
Washington,United States,36.4,150016.0,-3.8,3.4,7.5,40.2,159.2,71.0,210.0,41.2,81.6,5.0,4.8,42.1
Cambridge,United Kingdom,36.4,126990.0,0.3,3.5,8.5,60.7,128.9,71.6,100.0,39.5,91.4,5.0,9.8,40.9
Lyon,France,36.3,124068.0,0.1,3.5,9.5,40.7,129.2,76.1,160.0,35.8,88.5,3.0,8.5,51.7
Calgary,Canada,36.3,110837.0,0.6,3.4,6.0,62.2,125.7,73.4,60.0,29.4,33.1,3.0,5.7,23.8
Sacramento,United States,36.3,136097.0,-1.8,3.3,7.5,50.8,138.7,67.4,210.0,27.1,90.6,5.0,4.7,46.9
Bucharest,Romania,36.2,79562.0,1.8,3.4,6.0,71.5,87.6,55.3,180.0,41.0,75.6,3.0,10.7,75.4
San Diego,United States,36.2,140909.0,-0.7,3.3,7.5,60.4,138.2,68.0,210.0,34.6,97.1,5.0,7.1,39.8
Windhoek,Namibia,36.2,64268.0,1.6,3.3,6.0,32.4,74.1,67.4,60.0,23.7,85.0,3.0,4.9,34.3
Copenhagen,Denmark,36.1,147267.0,-0.5,3.1,6.0,74.3,141.9,78.0,200.0,26.9,83.7,3.0,8.9,22.5
Graz,Austria,36.0,122522.0,-1.1,3.2,6.0,72.8,127.3,77.1,60.0,29.3,73.9,3.0,7.8,38.7
Antalya,Turkey,35.9,68908.0,2.7,3.5,9.0,70.7,69.1,73.5,40.0,36.2,91.5,2.0,10.2,44.6
Chiang Mai,Thailand,35.8,59800.0,1.0,3.3,8.0,77.9,56.8,85.1,200.0,26.2,75.9,2.0,13.9,77.8
Barcelona,Spain,35.7,101557.0,1.1,3.5,10.0,48.1,99.0,76.7,170.0,30.0,95.7,3.0,12.2,63.0
Mississauga,Canada,35.6,107228.0,2.1,3.3,6.0,56.1,117.5,70.2,60.0,37.3,58.7,3.0,12.3,23.5
Kelowna,Canada,35.5,108431.0,0.3,3.3,6.0,37.9,121.2,74.6,60.0,27.9,59.7,3.0,6.4,26.3
Lviv,Ukraine,35.5,50693.0,1.9,3.3,6.0,62.8,55.4,61.4,60.0,31.7,69.6,3.0,14.1,48.9
Gold Coast,Australia,35.5,120975.0,-4.9,3.1,6.0,52.9,123.6,77.3,60.0,30.3,97.7,3.0,8.9,24.3
Helsinki,Finland,35.5,127677.0,0.2,3.2,6.0,74.6,127.1,80.3,60.0,24.5,62.8,3.0,10.7,12.5
Toronto,Canada,35.5,115820.0,2.7,3.3,6.0,56.5,125.9,74.1,60.0,44.6,65.3,3.0,11.4,37.5
Anchorage,United States,35.4,140050.0,-2.7,3.4,7.5,37.1,149.7,61.5,210.0,25.6,41.6,5.0,3.3,15.7
Tashkent,Uzbekistan,35.3,50521.0,0.8,3.3,6.0,73.8,53.4,65.8,60.0,35.8,69.8,3.0,11.8,59.2
Bristol,United Kingdom,35.3,122178.0,-0.2,3.4,8.5,57.0,118.2,73.2,100.0,31.1,88.5,5.0,8.9,48.1
Philadelphia,United States,35.3,135410.0,-2.3,3.3,7.5,34.7,139.5,71.1,210.0,39.7,78.0,5.0,3.4,47.7
Winnipeg,Canada,35.2,102760.0,0.1,3.4,6.0,39.2,120.5,68.5,60.0,31.6,24.7,3.0,4.4,35.5
Saint Petersburg,Russia,35.1,69252.0,0.5,3.3,6.0,62.3,77.0,61.5,60.0,49.1,60.6,3.0,14.4,60.1
San Jose,United States,35.1,148470.0,-2.3,3.2,7.5,52.0,142.6,68.0,210.0,38.3,95.5,5.0,8.4,48.8
Brasilia,Brazil,35.1,54989.0,2.6,3.2,6.0,41.3,60.2,52.7,60.0,31.0,99.0,3.0,14.7,30.3
Stavanger,Norway,35.0,142112.0,0.4,3.1,6.0,74.9,139.1,71.8,60.0,32.3,80.0,3.0,6.2,20.6
Kharkiv,Ukraine,34.9,46225.0,2.0,3.4,6.0,52.8,52.5,49.2,60.0,38.2,65.4,3.0,9.2,56.9
Oakland,United States,34.9,146408.0,-1.4,3.2,7.5,31.1,144.0,72.5,210.0,36.5,96.4,5.0,6.6,41.3
Manchester,United Kingdom,34.8,120288.0,1.0,3.4,8.5,44.1,118.5,74.5,100.0,39.0,86.9,5.0,7.3,53.3
Vancouver,Canada,34.8,115992.0,0.6,3.1,6.0,57.3,116.7,71.7,60.0,36.0,91.2,3.0,11.9,25.5
Kiev (Kyiv),Ukraine,34.7,54817.0,1.8,3.3,6.0,54.5,60.5,58.1,60.0,43.1,70.0,3.0,12.3,64.6
Kaliningrad,Russia,34.6,62722.0,0.1,3.1,6.0,70.0,62.5,69.9,60.0,29.2,73.7,3.0,12.3,35.4
Prague,Czech Republic,34.5,102417.0,-3.2,3.1,6.0,75.2,97.7,74.8,60.0,31.8,80.7,3.0,18.9,33.5
Ankara,Turkey,34.5,66846.0,1.6,3.4,9.0,60.5,65.7,70.0,40.0,36.5,91.5,2.0,7.8,64.4
Antwerp,Belgium,34.4,123037.0,-0.5,3.1,6.0,60.1,122.2,79.8,60.0,38.8,85.4,3.0,6.1,58.2
Limassol,Cyprus,34.3,109806.0,-2.0,3.2,6.0,61.3,113.6,50.9,60.0,23.0,95.7,3.0,8.5,59.7
Brussels,Belgium,34.3,126302.0,-1.6,3.1,6.0,44.6,132.1,73.6,60.0,36.8,83.8,3.0,6.0,62.5
Sydney,Australia,34.2,129052.0,-0.9,3.0,6.0,66.0,122.2,74.8,60.0,43.3,97.1,3.0,12.6,28.6
Haifa,Israel,34.2,137472.0,-3.9,3.1,6.0,71.8,131.8,74.5,60.0,28.5,93.6,3.0,10.5,69.3
Cuenca,Ecuador,34.2,52411.0,2.8,3.0,6.0,54.5,50.9,79.6,60.0,34.6,98.4,3.0,9.6,47.0
Porto,Portugal,34.1,84717.0,0.1,3.1,8.0,66.6,71.6,78.8,140.0,24.8,96.6,4.0,14.8,24.5
Halifax,Canada,34.1,108775.0,4.1,3.2,6.0,61.0,110.7,65.0,60.0,31.4,59.0,3.0,5.4,24.3
Regina,Canada,34.0,108259.0,-0.5,3.3,6.0,46.5,120.7,65.4,60.0,23.8,14.3,3.0,3.9,39.3
Taipei,Taiwan,34.0,93996.0,-5.1,3.0,6.0,83.5,83.7,87.2,60.0,34.6,84.4,3.0,33.6,48.7
Moscow,Russia,34.0,81624.0,-0.2,3.2,6.0,64.8,84.9,67.7,60.0,50.4,55.8,3.0,21.6,54.8
Florianopolis,Brazil,33.9,57910.0,2.0,3.1,6.0,53.6,58.2,60.5,60.0,42.1,97.0,3.0,14.6,40.6
San Francisco,United States,33.8,167716.0,-2.8,3.1,7.5,39.4,158.2,64.9,210.0,49.0,97.3,5.0,7.1,49.0
Kazan,Russia,33.8,63409.0,-0.1,3.2,6.0,70.0,64.8,68.7,60.0,34.8,39.6,3.0,17.1,56.7
Nizhny Novgorod,Russia,33.7,62034.0,0.4,3.1,6.0,72.2,60.3,73.9,60.0,27.1,45.5,3.0,15.6,34.4
Turin,Italy,33.7,103276.0,0.2,3.4,10.0,48.1,97.6,65.5,90.0,27.8,85.7,3.0,8.2,67.8
Cork,Ireland,33.6,124240.0,-1.9,3.1,6.0,62.8,121.0,55.5,60.0,34.1,89.8,3.0,5.9,26.1
Kaunas,Lithuania,33.6,90560.0,3.2,3.0,6.0,63.4,85.8,74.7,60.0,26.0,68.9,3.0,10.4,25.3
Paris,France,33.5,135066.0,-2.6,3.3,10.0,42.0,122.3,77.0,160.0,41.2,88.4,3.0,15.9,63.4
Izmir,Turkey,33.5,69767.0,0.2,3.3,9.0,66.8,63.0,73.3,40.0,39.9,96.9,2.0,6.8,60.0
Krasnodar,Russia,33.5,62034.0,2.0,3.2,6.0,66.1,63.4,50.3,60.0,51.8,78.7,3.0,13.6,55.2
New Orleans,United States,33.5,132489.0,-1.6,3.1,7.5,32.9,126.3,62.2,210.0,28.0,86.5,5.0,3.8,51.0
Trondheim,Norway,33.4,145892.0,-0.9,3.0,6.0,78.9,131.0,75.8,60.0,31.0,66.7,3.0,6.6,20.7
Bergen,Norway,33.4,147095.0,-1.4,2.9,6.0,76.2,130.2,75.3,60.0,26.2,78.8,3.0,7.3,19.8
Rijeka,Croatia,33.4,92106.0,1.3,2.9,6.0,76.5,81.3,67.2,60.0,17.5,94.9,3.0,12.9,29.6
Islamabad,Pakistan,33.4,39180.0,2.9,3.1,6.0,68.6,37.6,63.7,60.0,36.0,76.9,3.0,19.1,42.1
Budapest,Hungary,33.2,87810.0,-0.8,3.1,6.0,66.1,87.4,52.2,60.0,38.8,78.4,3.0,14.3,52.9
Genoa,Italy,33.1,107056.0,-0.0,3.3,10.0,55.0,93.9,66.5,90.0,33.7,95.0,3.0,6.2,50.3
Varna,Bulgaria,33.1,78187.0,0.2,3.0,6.0,65.6,74.1,64.0,60.0,28.7,85.1,3.0,10.9,59.4
Curitiba,Brazil,33.0,53270.0,1.0,2.9,6.0,39.3,51.4,67.0,60.0,33.1,99.6,3.0,16.1,30.9
Ljubljana,Slovenia,33.0,98636.0,0.3,3.0,6.0,78.2,87.9,66.6,60.0,26.3,76.1,3.0,14.7,23.3
Skopje,North Macedonia,32.9,65471.0,0.3,3.1,6.0,53.9,66.8,54.9,60.0,27.2,76.3,3.0,13.0,83.0
Trieste,Italy,32.7,106197.0,-0.7,3.3,10.0,72.4,86.8,64.5,90.0,28.8,92.6,3.0,8.6,47.6
Hanoi,Vietnam,32.6,48803.0,2.0,3.1,6.0,66.2,47.3,56.9,60.0,28.0,79.0,3.0,31.1,89.3
Detroit,United States,32.5,118913.0,-0.8,3.1,7.5,27.2,114.4,62.6,210.0,43.7,66.0,5.0,3.6,62.1
Victoria,Canada,32.4,118054.0,4.3,2.9,6.0,60.6,104.9,65.6,60.0,32.4,92.5,3.0,9.2,22.5
Los Angeles,United States,32.1,140050.0,-0.7,3.0,7.5,45.9,122.5,61.9,210.0,57.2,95.5,5.0,8.0,68.4
Bratislava,Slovakia,32.1,93653.0,-1.1,3.0,6.0,69.5,84.6,55.7,60.0,30.2,80.7,3.0,14.8,36.8
Quito,Ecuador,31.8,57738.0,1.5,2.9,6.0,36.5,54.2,70.4,60.0,41.5,99.0,3.0,9.8,65.3
Stockholm,Sweden,31.6,135066.0,-1.4,2.9,6.0,53.5,120.7,65.7,60.0,34.1,69.7,3.0,13.0,18.0
Riga,Latvia,31.6,94340.0,-2.7,2.9,6.0,62.5,84.0,60.9,60.0,30.3,74.7,3.0,8.4,37.1
Almaty,Kazakhstan,31.6,56707.0,-2.6,3.1,6.0,46.9,57.5,50.9,60.0,38.8,58.3,3.0,10.3,78.8
Sarajevo,Bosnia And Herzegovina,31.5,73548.0,-0.4,2.9,6.0,55.5,67.8,59.1,60.0,26.9,78.2,3.0,14.4,66.2
Tallinn,Estonia,31.5,111352.0,-1.8,2.8,6.0,78.3,90.2,73.8,60.0,24.4,64.3,3.0,11.2,18.4
Rome,Italy,31.4,108947.0,-0.7,3.2,10.0,52.7,87.5,65.0,90.0,35.3,93.7,3.0,14.3,48.8
Nicosia,Cyprus,31.4,99667.0,-4.7,2.9,6.0,68.0,87.6,55.6,60.0,27.1,86.0,3.0,7.6,60.1
London,United Kingdom,31.4,150360.0,-3.4,3.1,9.5,44.4,123.1,69.5,100.0,44.8,88.3,5.0,15.4,58.1
Miami,United States,31.3,136613.0,-2.9,2.9,7.5,46.7,110.7,63.0,210.0,42.9,85.7,5.0,6.3,39.4
Chisinau,Moldova,31.3,62722.0,-1.4,2.9,6.0,58.3,58.0,51.8,60.0,28.1,76.9,3.0,13.5,63.4
Singapore,Singapore,31.0,150532.0,-7.6,2.7,6.0,77.5,110.6,71.9,260.0,41.0,57.5,5.0,22.1,32.2
Istanbul,Turkey,30.9,75266.0,-0.3,3.2,10.0,52.0,61.8,70.1,40.0,50.8,93.0,2.0,10.9,67.3
Dublin,Ireland,30.9,131801.0,-1.6,2.9,6.0,45.8,120.6,51.3,60.0,40.3,85.9,3.0,8.6,41.6
Queretaro (Santiago de Querétaro),Mexico,30.8,76641.0,4.5,2.9,8.0,62.2,58.8,73.6,60.0,33.6,94.5,3.0,9.0,40.2
Novosibirsk,Russia,30.7,63237.0,0.0,3.1,6.0,54.7,62.4,56.5,60.0,40.9,16.1,3.0,12.2,67.6
Campinas,Brazil,30.7,57051.0,0.7,2.8,6.0,34.2,50.5,61.7,60.0,27.3,98.9,3.0,13.0,46.1
Split,Croatia,30.6,100698.0,-2.1,2.7,6.0,69.9,76.5,68.4,60.0,16.9,96.3,3.0,17.4,27.6
Odessa (Odesa),Ukraine,30.5,51036.0,2.3,2.9,6.0,44.8,47.1,50.9,60.0,36.6,79.0,3.0,14.0,62.1
San Juan,Puerto Rico,30.4,117539.0,-2.8,2.8,6.0,32.9,107.7,63.1,60.0,34.5,71.2,3.0,9.6,48.9
Banja Luka,Bosnia And Herzegovina,30.4,73204.0,-0.1,2.8,6.0,64.6,63.0,46.1,60.0,22.4,82.8,3.0,14.5,56.1
Bologna,Italy,30.3,117367.0,-2.5,3.0,10.0,51.3,86.8,76.1,90.0,32.5,88.1,3.0,10.5,61.8
Lisbon,Portugal,30.2,93137.0,-1.6,2.8,8.0,67.4,63.6,72.4,140.0,34.6,98.6,4.0,19.7,37.4
Ho Chi Minh City,Vietnam,30.2,48459.0,1.0,2.9,6.0,49.6,43.9,62.6,60.0,32.1,63.4,3.0,32.2,92.1
Novi Sad,Serbia,30.0,77328.0,-0.2,2.8,6.0,61.4,64.5,50.2,60.0,18.0,84.0,3.0,15.8,54.3
Baku,Azerbaijan,30.0,55504.0,1.8,2.8,6.0,69.9,46.3,48.2,60.0,38.3,91.4,3.0,16.2,74.1
Tel Aviv-Yafo,Israel,29.7,157062.0,-6.6,2.6,6.0,74.1,113.3,73.7,60.0,35.8,93.9,3.0,20.9,46.1
Naples,Italy,29.7,101386.0,-0.7,3.1,10.0,37.7,81.0,59.0,90.0,43.6,95.8,3.0,10.7,78.5
Bangkok,Thailand,29.5,71142.0,-6.3,2.8,8.0,61.8,52.6,77.3,200.0,44.9,58.4,2.0,28.7,77.7
Oslo,Norway,29.4,155000.0,-5.7,2.6,6.0,65.6,114.2,77.7,60.0,27.8,60.0,3.0,11.6,21.9
Belgrade,Serbia,29.4,81796.0,-1.1,2.8,6.0,62.2,67.1,53.1,60.0,36.5,84.1,3.0,16.5,69.2
Hong Kong,Hong Kong (China),29.3,129224.0,-5.9,2.7,6.0,78.6,96.0,66.5,60.0,41.9,83.6,3.0,30.9,66.2
Sao Paulo,Brazil,29.2,63237.0,-0.4,2.7,6.0,30.1,55.0,60.3,60.0,51.3,99.0,3.0,15.4,79.4
Recife,Brazil,29.0,50005.0,1.8,2.7,6.0,25.1,43.9,64.5,60.0,46.9,79.3,3.0,15.3,69.9
Santiago,Chile,28.9,72001.0,1.1,2.6,6.0,35.8,59.1,65.6,60.0,37.1,90.2,3.0,16.6,70.7
Dnipro,Ukraine,28.8,53270.0,0.3,2.7,6.0,46.3,45.4,53.9,60.0,33.5,69.5,3.0,10.2,80.6
Milan,Italy,28.5,125615.0,-11.0,2.9,10.0,46.5,86.6,70.3,90.0,36.1,88.1,3.0,15.4,67.9
Kathmandu,Nepal,28.5,40898.0,2.5,2.7,6.0,63.3,31.6,55.6,60.0,35.2,92.6,3.0,39.2,95.7
Dhaka,Bangladesh,28.4,43476.0,0.8,2.8,6.0,37.8,39.8,40.0,60.0,60.2,71.3,3.0,14.0,94.2
Thessaloniki,Greece,28.3,91763.0,-0.8,2.9,10.0,48.0,64.1,58.4,60.0,28.1,88.4,3.0,13.9,54.7
Yekaterinburg,Russia,28.3,69939.0,-1.3,2.8,6.0,57.0,60.2,53.7,60.0,38.9,21.3,3.0,11.6,69.4
Belo Horizonte,Brazil,28.2,54301.0,1.0,2.5,6.0,40.4,41.3,64.4,60.0,43.1,98.5,3.0,15.1,52.8
Porto Alegre,Brazil,28.1,55332.0,-0.1,2.5,6.0,29.3,42.8,64.5,60.0,31.3,98.7,3.0,14.1,56.9
Honolulu,United States,28.0,168747.0,-9.8,2.5,7.5,52.5,99.9,72.8,210.0,40.4,95.3,5.0,9.9,37.1
Athens,Greece,27.8,99495.0,-2.4,2.9,10.0,44.8,67.7,58.5,60.0,37.2,95.2,3.0,14.3,55.2
Jakarta,Indonesia,27.8,51208.0,0.3,2.7,6.0,47.2,41.9,57.2,60.0,53.5,63.8,3.0,22.3,85.2
Medellin,Colombia,27.7,59113.0,0.2,2.4,6.0,46.4,40.6,78.9,60.0,37.8,99.8,3.0,20.6,62.5
Lima,Peru,27.5,61003.0,4.3,2.6,6.0,29.8,48.6,58.8,60.0,51.2,97.7,3.0,14.7,84.4
Tunis,Tunisia,27.4,52755.0,2.2,2.5,6.0,51.5,38.5,56.0,60.0,37.0,93.2,3.0,13.8,74.0
Guadalajara,Mexico,27.4,70454.0,1.1,2.6,8.0,37.6,47.2,78.3,60.0,41.6,92.8,3.0,17.5,59.9
Amman,Jordan,27.1,73032.0,-1.2,2.5,6.0,62.6,49.5,65.6,60.0,40.6,89.0,3.0,8.7,76.9
Tbilisi,Georgia,27.0,62893.0,-1.7,2.5,6.0,74.6,41.9,55.3,60.0,38.5,84.2,3.0,15.8,71.8
Monterrey,Mexico,26.8,84717.0,-2.2,2.6,8.0,51.9,54.9,68.8,60.0,31.6,80.4,3.0,16.4,71.3
Bogota,Colombia,26.7,56192.0,1.9,2.4,6.0,33.3,40.6,66.0,60.0,51.4,97.1,3.0,18.0,69.9
Karachi,Pakistan,26.6,35743.0,3.8,2.5,6.0,42.5,27.1,57.6,60.0,42.1,71.3,3.0,16.5,89.6
Davao,Philippines,26.5,51552.0,1.2,2.4,6.0,71.4,31.6,73.6,60.0,27.4,58.6,4.0,27.4,58.0
Casablanca,Morocco,26.4,60488.0,-0.4,2.5,6.0,45.0,44.2,44.5,60.0,44.0,98.1,3.0,15.0,82.1
Montevideo,Uruguay,25.6,98292.0,-4.4,2.2,6.0,43.5,59.8,68.5,60.0,41.4,98.0,3.0,12.9,46.1
Nairobi,Kenya,25.6,54989.0,0.2,2.3,6.0,40.6,36.3,63.2,60.0,53.7,99.8,3.0,14.6,79.8
Guatemala City,Guatemala,25.4,71485.0,0.8,2.3,6.0,37.7,46.5,63.6,60.0,49.2,99.9,3.0,10.9,72.8
Mexico City,Mexico,25.4,78875.0,-0.7,2.5,8.0,33.2,50.5,65.5,60.0,52.7,92.4,3.0,15.0,80.3
Pattaya,Thailand,25.2,65127.0,-0.8,2.3,8.0,54.1,33.9,75.1,200.0,21.9,75.0,2.0,25.7,87.0
Cairo,Egypt,24.9,39867.0,2.4,2.7,10.0,50.0,23.8,46.2,60.0,49.6,88.5,3.0,18.1,90.6
Rio de Janeiro,Brazil,24.4,56535.0,-0.2,2.3,6.0,24.8,38.8,46.6,60.0,51.2,88.2,3.0,21.1,67.7
Panama City,Panama,24.3,80765.0,-2.9,2.2,6.0,52.9,47.6,60.2,60.0,32.8,67.8,3.0,13.2,61.6
Buenos Aires,Argentina,23.9,83858.0,-3.0,2.1,6.0,37.0,46.5,68.0,60.0,49.8,98.3,3.0,15.0,51.5
Tehran,Iran,23.7,39695.0,1.9,2.3,6.0,42.7,24.8,53.3,60.0,52.9,71.0,3.0,26.0,80.3
Yerevan,Armenia,23.7,72860.0,-3.0,2.2,6.0,77.8,36.4,59.6,60.0,30.5,63.4,3.0,21.8,61.3
Alexandria,Egypt,23.6,37117.0,2.1,2.5,9.0,54.6,19.2,45.8,60.0,44.3,95.5,3.0,23.5,73.8
Santo Domingo,Dominican Republic,23.3,67705.0,-1.7,2.2,6.0,33.0,41.6,54.9,60.0,35.5,67.8,3.0,14.2,77.4
Tirana,Albania,23.3,85061.0,-3.0,2.2,6.0,60.2,46.9,47.3,60.0,38.4,86.4,3.0,16.9,87.0
Manila,Philippines,23.1,60831.0,-6.0,2.2,6.0,35.4,36.4,62.5,60.0,50.7,61.2,4.0,35.9,89.5
San Jose,Costa Rica,23.0,91934.0,-3.2,2.0,6.0,44.4,46.7,62.9,60.0,63.3,99.5,3.0,10.9,48.4
Cebu,Philippines,22.8,57566.0,-1.4,2.2,6.0,49.6,31.0,60.7,60.0,36.0,60.4,4.0,33.7,84.3
Beirut,Lebanon,21.2,82483.0,-4.3,1.9,6.0,53.2,34.3,64.9,60.0,39.3,94.7,3.0,23.1,93.7
Colombo,Sri Lanka,18.9,60316.0,-1.0,1.7,6.0,57.4,19.1,71.2,60.0,59.5,59.1,3.0,55.1,60.0
Caracas,Venezuela,15.5,74750.0,-17.8,1.4,6.0,18.6,19.4,39.1,60.0,33.4,99.9,3.0,18.6,72.5
Lagos,Nigeria,12.4,51896.0,-0.0,1.2,6.0,31.2,7.8,47.2,60.0,68.3,60.8,3.0,116.0,88.5
